{
  "outputs": {
    "Channel": {
      "validation_allow": "List",
      "validation_type": "static",
      "dependent_inputs": null,
      "min": null,
      "max": null,
      "options": [
        "Agency",
        "Banca"
      ],
      "ignore_blank": true,
      "input_message_title": null,
      "input_message": null,
      "error_style": "Stop",
      "error_title": null,
      "error_message": null,
      "default_value": "Agency"
    },
    "Customer_1_Age": {
      "validation_allow": null,
      "validation_type": "none",
      "dependent_inputs": null,
      "min": null,
      "max": null,
      "options": null,
      "ignore_blank": false,
      "input_message_title": null,
      "input_message": null,
      "error_style": null,
      "error_title": null,
      "error_message": null,
      "default_value": 24
    },
    "Customer_2_Gender": {
      "validation_allow": "List",
      "validation_type": "static",
      "dependent_inputs": null,
      "min": null,
      "max": null,
      "options": [
        "Male",
        "Female"
      ],
      "ignore_blank": true,
      "input_message_title": null,
      "input_message": null,
      "error_style": "Stop",
      "error_title": null,
      "error_message": null,
      "default_value": "Male"
    },
    "Customer_3_Nationality": {
      "validation_allow": "List",
      "validation_type": "static",
      "dependent_inputs": null,
      "min": null,
      "max": null,
      "options": [
        "Local",
        "Non-local"
      ],
      "ignore_blank": true,
      "input_message_title": null,
      "input_message": null,
      "error_style": "Stop",
      "error_title": null,
      "error_message": null,
      "default_value": "Local"
    },
    "Customer_4_Occupation": {
      "validation_allow": "List",
      "validation_type": "static",
      "dependent_inputs": null,
      "min": null,
      "max": null,
      "options": [
        "Finance",
        "Student",
        "Others"
      ],
      "ignore_blank": true,
      "input_message_title": null,
      "input_message": null,
      "error_style": "Stop",
      "error_title": null,
      "error_message": null,
      "default_value": "Finance"
    },
    "Customer_5_Married": {
      "validation_allow": "List",
      "validation_type": "static",
      "dependent_inputs": null,
      "min": null,
      "max": null,
      "options": [
        "Yes",
        "No"
      ],
      "ignore_blank": true,
      "input_message_title": null,
      "input_message": null,
      "error_style": "Stop",
      "error_title": null,
      "error_message": null,
      "default_value": "No"
    },
    "Customer_6_Dependents": {
      "validation_allow": "List",
      "validation_type": "static",
      "dependent_inputs": null,
      "min": null,
      "max": null,
      "options": [
        "Yes",
        "No"
      ],
      "ignore_blank": true,
      "input_message_title": null,
      "input_message": null,
      "error_style": "Stop",
      "error_title": null,
      "error_message": null,
      "default_value": "No"
    },
    "Customer_7_Living_Area": {
      "validation_allow": "List",
      "validation_type": "static",
      "dependent_inputs": null,
      "min": null,
      "max": null,
      "options": [
        "Hong Kong",
        "Other regions"
      ],
      "ignore_blank": true,
      "input_message_title": null,
      "input_message": null,
      "error_style": "Stop",
      "error_title": null,
      "error_message": null,
      "default_value": "Hong Kong"
    },
    "Customer_8_Income_HKD": {
      "validation_allow": "List",
      "validation_type": "static",
      "dependent_inputs": null,
      "min": null,
      "max": null,
      "options": [
        "< 120000",
        "120001 - 200000",
        "200001 - 360000",
        "360001 - 600000",
        "600001 - 960000",
        "> 960001"
      ],
      "ignore_blank": true,
      "input_message_title": null,
      "input_message": null,
      "error_style": "Stop",
      "error_title": null,
      "error_message": null,
      "default_value": "360001 - 600000"
    },
    "Needs_1_Term": {
      "validation_allow": "List",
      "validation_type": "static",
      "dependent_inputs": null,
      "min": null,
      "max": null,
      "options": [
        "Yes",
        "No"
      ],
      "ignore_blank": true,
      "input_message_title": null,
      "input_message": null,
      "error_style": "Stop",
      "error_title": null,
      "error_message": null,
      "default_value": "Yes"
    },
    "Needs_2_Medical": {
      "validation_allow": "List",
      "validation_type": "static",
      "dependent_inputs": null,
      "min": null,
      "max": null,
      "options": [
        "Yes",
        "No"
      ],
      "ignore_blank": true,
      "input_message_title": null,
      "input_message": null,
      "error_style": "Stop",
      "error_title": null,
      "error_message": null,
      "default_value": "Yes"
    },
    "Needs_3_Critical_Illness": {
      "validation_allow": "List",
      "validation_type": "static",
      "dependent_inputs": null,
      "min": null,
      "max": null,
      "options": [
        "Yes",
        "No"
      ],
      "ignore_blank": true,
      "input_message_title": null,
      "input_message": null,
      "error_style": "Stop",
      "error_title": null,
      "error_message": null,
      "default_value": "Yes"
    },
    "Needs_4_Participating_whole_life": {
      "validation_allow": "List",
      "validation_type": "static",
      "dependent_inputs": null,
      "min": null,
      "max": null,
      "options": [
        "Yes",
        "No"
      ],
      "ignore_blank": true,
      "input_message_title": null,
      "input_message": null,
      "error_style": "Stop",
      "error_title": null,
      "error_message": null,
      "default_value": "Yes"
    },
    "Needs_5_Universal_life": {
      "validation_allow": "List",
      "validation_type": "static",
      "dependent_inputs": null,
      "min": null,
      "max": null,
      "options": [
        "Yes",
        "No"
      ],
      "ignore_blank": true,
      "input_message_title": null,
      "input_message": null,
      "error_style": "Stop",
      "error_title": null,
      "error_message": null,
      "default_value": "No"
    },
    "Needs_6_Investment_linked": {
      "validation_allow": "List",
      "validation_type": "static",
      "dependent_inputs": null,
      "min": null,
      "max": null,
      "options": [
        "Yes",
        "No"
      ],
      "ignore_blank": true,
      "input_message_title": null,
      "input_message": null,
      "error_style": "Stop",
      "error_title": null,
      "error_message": null,
      "default_value": "Yes"
    },
    "Needs_7_Annuity": {
      "validation_allow": "List",
      "validation_type": "static",
      "dependent_inputs": null,
      "min": null,
      "max": null,
      "options": [
        "Yes",
        "No"
      ],
      "ignore_blank": true,
      "input_message_title": null,
      "input_message": null,
      "error_style": "Stop",
      "error_title": null,
      "error_message": null,
      "default_value": "Yes"
    },
    "product": {
      "validation_allow": null,
      "validation_type": "none",
      "dependent_inputs": null,
      "min": null,
      "max": null,
      "options": null,
      "ignore_blank": false,
      "input_message_title": null,
      "input_message": null,
      "error_style": null,
      "error_title": null,
      "error_message": null,
      "default_value": "CI"
    }
  },
  "warnings": null,
  "errors": null,
  "service_chain": null
}