{
  "outputs": {
    "InsuredValue": {
      "validation_allow": null,
      "validation_type": "none",
      "dependent_inputs": null,
      "min": null,
      "max": null,
      "options": null,
      "ignore_blank": false,
      "input_message_title": null,
      "input_message": null,
      "error_style": null,
      "error_title": null,
      "error_message": null,
      "default_value": 100000
    },
    "Occupation": {
      "validation_allow": "List",
      "validation_type": "static",
      "dependent_inputs": null,
      "min": null,
      "max": null,
      "options": [
        "Arts/Entertainment/Media",
        "Arts/Entertainment/Media",
        "Arts/Entertainment/Media",
        "Arts/Entertainment/Media",
        "Arts/Entertainment/Media",
        "Arts/Entertainment/Media",
        "Arts/Entertainment/Media",
        "Arts/Entertainment/Media",
        "Arts/Entertainment/Media",
        "Arts/Entertainment/Media",
        "Arts/Entertainment/Media",
        "Arts/Entertainment/Media",
        "Arts/Entertainment/Media",
        "Arts/Entertainment/Media",
        "Clergy",
        "Government",
        "Government",
        "Government",
        "Military",
        "Personal Care/Services",
        "Retired",
        "Retired",
        "Sports",
        "Sports",
        "Sports",
        "Sports",
        "Not Currently Employed",
        "Not Currently Employed",
        "Not Currently Employed"
      ],
      "ignore_blank": true,
      "input_message_title": null,
      "input_message": null,
      "error_style": "Stop",
      "error_title": null,
      "error_message": null,
      "default_value": "Clergy"
    },
    "OccupationDetail": {
      "validation_allow": "List",
      "validation_type": "static",
      "dependent_inputs": null,
      "min": null,
      "max": null,
      "options": [
        "Actor / Actress",
        "Art Dealer",
        "Broadcaster / Reporter",
        "Director – TV/Film/Stage",
        "Editor",
        "Fashion Designer",
        "Journalist",
        "Model",
        "Musician",
        "News Media",
        "Publisher",
        "Radio (Director,Producer,Personailty)",
        "TV / Film / Stage",
        "Writer",
        "Evangelist",
        "Diplomat",
        "Politician",
        "Royalty",
        "Joint Chiefs of Staff",
        "Celebrity Consultant",
        "Arts / Entertainment / Media",
        "Sports",
        "Broadcaster/Journalist",
        "Manager/Promoter",
        "Owner",
        "Professional Athlete",
        "Arts / Entertainment / Media",
        "Sports",
        "Volunteer"
      ],
      "ignore_blank": true,
      "input_message_title": null,
      "input_message": null,
      "error_style": "Stop",
      "error_title": null,
      "error_message": null,
      "default_value": "Sports"
    },
    "State": {
      "validation_allow": "List",
      "validation_type": "static",
      "dependent_inputs": null,
      "min": null,
      "max": null,
      "options": [
        "Alabama",
        "Alaska",
        "Arizona",
        "Arkansas",
        "California",
        "Colorado",
        "Connecticut",
        "D.C.",
        "Delaware",
        "Florida",
        "Georgia",
        "Hawaii",
        "Idaho",
        "Illinois",
        "Indiana",
        "Iowa",
        "Kansas",
        "Louisiana",
        "Maine",
        "Maryland",
        "Massachusetts",
        "Michigan",
        "Minnesota",
        "Mississippi",
        "Missouri",
        "Montana",
        "Nebraska",
        "Nevada",
        "New Hampshire",
        "New Jersey",
        "New Mexico",
        "Ohio",
        "Oklahoma",
        "Oregon",
        "Pennsylvania",
        "Rhode Island",
        "South Carolina",
        "South Dakota",
        "Tennessee",
        "Texas",
        "Utah",
        "Vermont",
        "Virginia",
        "Washington",
        "West Virginia",
        "Wisconsin",
        "Wyoming",
        "New York"
      ],
      "ignore_blank": true,
      "input_message_title": null,
      "input_message": null,
      "error_style": "Stop",
      "error_title": null,
      "error_message": null,
      "default_value": "Massachusetts"
    },
    "Territory": {
      "validation_allow": null,
      "validation_type": "none",
      "dependent_inputs": null,
      "min": null,
      "max": null,
      "options": null,
      "ignore_blank": false,
      "input_message_title": null,
      "input_message": null,
      "error_style": null,
      "error_title": null,
      "error_message": null,
      "default_value": 200
    }
  },
  "warnings": null,
  "errors": null,
  "service_chain": null
}