{
  "outputs": {
    "AccidentSickness": {
      "validation_allow": "List",
      "validation_type": "static",
      "dependent_inputs": null,
      "min": null,
      "max": null,
      "options": [
        "Accident Only",
        "Accident and Sickness",
        "Sickness Only"
      ],
      "ignore_blank": true,
      "input_message_title": null,
      "input_message": null,
      "error_style": "Stop",
      "error_title": null,
      "error_message": null,
      "default_value": "Accident and Sickness"
    },
    "Age": {
      "validation_allow": "List",
      "validation_type": "static",
      "dependent_inputs": null,
      "min": null,
      "max": null,
      "options": [
        "18-39",
        "40-49",
        "50-59",
        "60-64"
      ],
      "ignore_blank": true,
      "input_message_title": null,
      "input_message": null,
      "error_style": "Stop",
      "error_title": null,
      "error_message": null,
      "default_value": "40-49"
    },
    "AnnualModeDiscount": {
      "validation_allow": "List",
      "validation_type": "static",
      "dependent_inputs": null,
      "min": null,
      "max": null,
      "options": [
        "Y",
        "N",
        "N"
      ],
      "ignore_blank": true,
      "input_message_title": null,
      "input_message": null,
      "error_style": "Stop",
      "error_title": null,
      "error_message": null,
      "default_value": "N"
    },
    "BenefitAmount": {
      "validation_allow": "WholeNumber",
      "validation_type": "static",
      "dependent_inputs": null,
      "min": 0.0,
      "max": 2500.0,
      "options": null,
      "ignore_blank": true,
      "input_message_title": null,
      "input_message": null,
      "error_style": "Stop",
      "error_title": null,
      "error_message": "Benefit Amount must be less than $2500",
      "default_value": 2500
    },
    "EmployerDiscount": {
      "validation_allow": "List",
      "validation_type": "static",
      "dependent_inputs": null,
      "min": null,
      "max": null,
      "options": [
        "N",
        "N",
        "#SPARKBLANKOPTION#"
      ],
      "ignore_blank": true,
      "input_message_title": null,
      "input_message": null,
      "error_style": "Stop",
      "error_title": null,
      "error_message": null,
      "default_value": "N"
    },
    "MultiCoverageDiscount": {
      "validation_allow": "List",
      "validation_type": "static",
      "dependent_inputs": null,
      "min": null,
      "max": null,
      "options": [
        "N",
        "N",
        "#SPARKBLANKOPTION#"
      ],
      "ignore_blank": true,
      "input_message_title": null,
      "input_message": null,
      "error_style": "Stop",
      "error_title": null,
      "error_message": null,
      "default_value": "N"
    },
    "Occupation": {
      "validation_allow": "List",
      "validation_type": "static",
      "dependent_inputs": null,
      "min": null,
      "max": null,
      "options": [
        "Account Manager",
        "Accountant",
        "Accounting Clerk",
        "Accounting Manager",
        "Acid Cleaner or Laborer, Manufacturing - Light",
        "Acid Cleaner or Laborer, Materials Processing",
        "Acid Cleaner or Laborer, Natural Resources",
        "Actor",
        "Actuary",
        "Adjustor, All",
        "Administrative Assistant",
        "Administrative Assistant, Financial",
        "Administrative Assistant, Schools",
        "Administrative Assistant, White Collar Industries",
        "Administrative Law Judges, Adjudicators, and Hearing Officer",
        "Administrative Services Manager, Financial",
        "Administrative Services Manager, Hospital/Nursing Homes",
        "Administrative Services Manager, Schools",
        "Administrative Services Manager, White Collar Industries",
        "Adult Foster Care Worker, Civic Offices",
        "Adult Foster Care Worker, Personal Services",
        "Adult Foster Care Worker, Schools",
        "Adult Literacy, Remedial Education, and GED Teachers and Instructors",
        "Advertising and Promotions, Information/Communications",
        "Advertising and Promotions, Retail & Rental Stores",
        "Advertising Sales Agents, Information/Communications",
        "Advertising Sales Agents, Retail & Rental Stores",
        "Aerospace Engineering and Operations Technicians",
        "Agents and Business Managers of Artists, Performers, and Athletes",
        "Agricultural Equipment Operators",
        "Agricultural Inspectors",
        "Agricultural Workers",
        "Air Conditioning Repair",
        "Air Traffic Controller",
        "Air Traffic Instructor",
        "Aircraft Cargo Handling Supervisors",
        "Aircraft Mechanics and Service Technicians",
        "Aircraft Pilot or Crew/Instructor",
        "Aircraft Structure, Surfaces, Rigging, and Systems Assemblers",
        "Airfield Operations Specialists",
        "Airline Pilots, Co-pilots, and Flight Engineers",
        "Alderman",
        "Ambulance Drivers and Attendants, Except Emergency Medical Technicians",
        "Amusement & Recr Attendants",
        "Analyst",
        "Anesthesiologists, Hospital/Nursing Homes",
        "Anesthesiologists, Medical Offices",
        "Animal Caretaker",
        "Animal Control Worker",
        "Animal Control Worker",
        "Animal Trainer",
        "Animator",
        "Announcer",
        "Antenna Erector",
        "Anthropologists and Archeologists",
        "Anthropology and Archeology Teaching and Research",
        "Apartment Maintenance",
        "Appraiser",
        "Appraisers and Assessors of Real Estate/Autos",
        "Arbitrators, Mediators, and, Civic Offices",
        "Arbitrators, Mediators, and, Personal Services",
        "Arbitrators, Mediators, and, Schools",
        "Architect",
        "Archivist, Curators, Information/Communications",
        "Archivist, Curators, Schools",
        "Archivist, Curators, White Collar Industries",
        "Art Appraiser",
        "Art Directors",
        "Artificial Intelligence Engineer",
        "Artist",
        "Asbestos Removal",
        "Assembler/Factory/Manufacturing",
        "Assessor",
        "Assistant Budget Director",
        "Assistant Manager",
        "Assistant Stock Manager, Retail & Rental Stores",
        "Assistant Stock Manager, Warehouse",
        "Assistant Stock Manager, Wholesale",
        "Astronomers, Schools",
        "Astronomers, White Collar Industries",
        "Athlete",
        "Athletic Director, Amateur, Schools",
        "Athletic Director, Amateur, White Collar Industries",
        "Athletic Trainers, Hospital/Nursing Homes",
        "Athletic Trainers, Medical Offices",
        "Athletic Trainers, Personal Services",
        "Athletic Trainers, Schools",
        "Atmospheric and Space Scientists, Schools",
        "Atmospheric and Space Scientists, White Collar Industries",
        "Attendant",
        "Attorney, Civic Offices",
        "Attorney, White Collar Industries",
        "Auctioneer",
        "Audio and Video Equipment Technicians, Information/Communications",
        "Audio and Video Equipment Technicians, Leisure",
        "Audio and Video Equipment Technicians, Schools",
        "Audiologists, Medical Offices",
        "Audiologists, Schools",
        "Audio-Visual Collections Specialists, Information/Communications",
        "Audio-Visual Collections Specialists, Leisure",
        "Audio-Visual Collections Specialists, Schools",
        "Auditor, All",
        "Auto & Truck Mechanic",
        "Auto Body Foreman",
        "Auto Body Painting",
        "Auto Body Repairman",
        "Auto Detailer",
        "Auto Mechanic",
        "Auto Oil Change Specialist",
        "Auto Parts - Used (Not Junk Dealers)",
        "Auto Parts Store Clerk",
        "Auto Racer",
        "Auto Salesman",
        "Auto Salesperson",
        "Automotive Body and Related Repairers",
        "Automotive Glass Installers and Repairers",
        "Automotive Machinist",
        "Automotive Service Technicians and Mechanics",
        "Aviation Police",
        "Avionics Technicians",
        "Back Hoe Operator, Construction - Heavy",
        "Back Hoe Operator, Construction - Home & Interior",
        "Back Hoe Operator, Natural Resources",
        "Back Hoe Operator, Utilities",
        "Baggage Handler",
        "Baggage Porters and Bellhops",
        "Bailiff, Court",
        "Baker",
        "Bakery Worker (Superintendent/Counter)",
        "Bank Teller",
        "Banquet Coordinator",
        "Bar Owner",
        "Barber",
        "Barista",
        "Bartender",
        "Beautician",
        "Bed & Breakfast Employee",
        "Beekeeper",
        "Behavioral Health Care / Counselor",
        "Bellhop",
        "Benefit Assistant",
        "Bicycle Repairman",
        "Bill and Account Collectors, Office",
        "Bill Collectors (office duties only)",
        "Bill Collectors (with outside duties)",
        "Bindery Workers, Manufacturing - Light",
        "Bindery Workers, Schools",
        "Bindery Workers, White Collar Industries",
        "Biochemists and Biophysicists, Manufacturing - Light",
        "Biochemists and Biophysicists, Schools",
        "Biochemists and Biophysicists, White Collar Industries",
        "Biological Technicians, Hospital/Nursing Homes",
        "Biological Technicians, Manufacturing - Light",
        "Biological Technicians, Medical Offices",
        "Biological Technicians, Schools",
        "Biological Technicians, White Collar Industries",
        "Biomedical Engineers, Manufacturing - Light",
        "Biomedical Engineers, Materials Processing",
        "Biomedical Engineers, Medical Offices",
        "Biomedical Engineers, Schools",
        "Biomedical Engineers, White Collar Industries",
        "Blacksmith, Horse Racing",
        "Blacksmith, Non-horse racing",
        "Blaster, Construction - Heavy",
        "Blaster, Construction - Home & Interior",
        "Blaster, Natural Resources",
        "Blight Control Expert, Civic Offices",
        "Blight Control Expert, Schools",
        "Blight Control Expert, White Collar Industries",
        "Blockchain developer",
        "Boardinghouse Keeper",
        "Boat Racer",
        "Boatswain, Natural Resources",
        "Boatswain, Transportation",
        "Body Piercer",
        "Boiler Engineer",
        "Boilermakers",
        "Bone Handler",
        "Bookkeeping, Accounting, and Auditing Clerks",
        "Border Patrol",
        "Breaker",
        "Breeder, Dog/Cat",
        "Breeder, Livestock",
        "Breeder, Other Animal",
        "Brewmaster, Food Services",
        "Brewmaster, Manufacturing - Light",
        "Brick masons and Block masons, Construction - Heavy",
        "Brick masons and Block masons, Construction - Home & Interior",
        "Bridal Consultant",
        "Bridge and Lock Tenders",
        "Bridge Cableman",
        "Bridgetender",
        "Broadcast Technicians",
        "Broker",
        "Brokerage Clerks",
        "Brusher",
        "Budget Analysts",
        "Builder, Construction - Heavy",
        "Builder, Construction - Home & Interior",
        "Building Inspector / Appraiser",
        "Bus and Truck Mechanics and Diesel Engine Specialists",
        "Bus Drivers, School",
        "Bus Drivers, Transit and Intercity",
        "Bus Mechanic",
        "Busboy",
        "Business Manager, Financial",
        "Business Manager, Retail & Rental Stores",
        "Business Manager, White Collar Industries",
        "Butchers and Meat Cutters",
        "Butler",
        "Buyer",
        "Cabinetmakers and Bench",
        "Cable Installer & Repairer, Electrical",
        "Cable Installer & Repairer, Non-electrical",
        "Cable Technician (not outside)",
        "Cable Worker, Construction/Bridge",
        "Caddie (Golf)",
        "Camera and Photographic Equipment Repairers",
        "Camera Operators, Television, Video, and Motion Picture",
        "Cardiovascular Technologists & Technicians, Hospital/Nursing Homes",
        "Cardiovascular Technologists & Technicians, Medical Offices",
        "Caregiver",
        "Cargo and Freight Agents",
        "Carpenter",
        "Carpenter’s Helper/Assistant",
        "Carpet Installer/Layer",
        "Carpet Sales",
        "Cashier",
        "Caterer",
        "Catering Truck Workers",
        "Cattle Farmer",
        "Cement Worker and Concrete, Construction - Heavy",
        "Cement Worker and Concrete, Construction - Home & Interior",
        "Cementing and Gluing Machine Operators and Tenders, Construction - Heavy",
        "Cementing and Gluing Machine Operators and Tenders, Construction - Home & Interior",
        "Census Taker",
        "Certified Nurse’s Assistant, Hospital/Nursing Homes",
        "Certified Nurse’s Assistant, Medical Offices",
        "Chauffeur",
        "Chef",
        "Chemical Cleaning, Construction - Home & Interior",
        "Chemical Cleaning, Maintenance - Building & Grounds",
        "Chemical Cleaning, Manufacturing - Light",
        "Chemical Equipment Operators & Tenders, Construction - Home & Interior",
        "Chemical Equipment Operators & Tenders, Maintenance - Building & Grounds",
        "Chemical Equipment Operators & Tenders, Manufacturing - Light",
        "Chemical Technicians, Manufacturing - Light",
        "Chemical Technicians, Medical Offices",
        "Chemist, Hazardous Materials, Manufacturing - Light",
        "Chemist, Hazardous Materials, Medical Offices",
        "Chemist, Non-hazardous Materials, Manufacturing - Light",
        "Chemist, Non-hazardous Materials, Medical Offices",
        "Chief Executives",
        "Child Care Worker at Home",
        "Child Care Workers in Day Care",
        "Child, Family, and School Social Workers",
        "Children",
        "Chimney Builder",
        "Chimney Sweep",
        "Chiropractor",
        "Chiropractor’s Assistant",
        "Circus Worker, All",
        "Civic Office Worker",
        "Civil Engineering Technicians",
        "Civil Engineers",
        "Clam Digger, On Shore",
        "Cleaners of Vehicles and Equipment",
        "Cleaning Service, Homes or Offices",
        "Clergy",
        "Clerical, All",
        "Clerk",
        "Clinical, Counseling, and School Psychologists",
        "Coach, Amateur",
        "Coach, Professional",
        "Coal Worker, Above Ground",
        "Coal Worker, Below Ground",
        "Coast Guardsman",
        "Coating, Painting, and Spraying Machine Setters, Operators, and Tenders, Construction - Heavy",
        "Coating, Painting, and Spraying Machine Setters, Operators, and Tenders, Construction - Home & Interior",
        "Coil Winders, Tapers, Finishers and Operators",
        "Coin, Vending, and Amusement Machine Servicers and Repairers",
        "Coke Worker",
        "Collections Officer",
        "Collector, Field",
        "Collector, Inside",
        "Combined Food Preparation and Serving Workers",
        "Commercial and Industrial Designer, Financial",
        "Commercial and Industrial Designer, Materials Processing",
        "Commercial and Industrial Designer, White Collar Industries",
        "Commercial and Industrial Designer, Wholesale",
        "Commercial Divers, Construction - Heavy",
        "Commercial Divers, Natural Resources",
        "Commercial Pilots",
        "Commodity Broker (floor trading)",
        "Community and Social Services Occupations",
        "Community Managers - Digital",
        "Company Consultant",
        "Compensation, Benefits, and Job Analysis Specialists",
        "Compliance Officers, (Except Agriculture, Construction, Health and Safety, and Transportation)",
        "Compressed-Air Worker, Construction - Heavy",
        "Compressed-Air Worker, Natural Resources",
        "Compressor Installer",
        "Comptroller",
        "Computer Analyst",
        "Computer and Information Scientists, Research",
        "Computer and Information Systems Managers",
        "Computer Hardware Engineers",
        "Computer Network Architect",
        "Computer Operator",
        "Computer Programmers",
        "Computer Research Scientist",
        "Computer Software Engineers, Systems Software, Applications",
        "Computer Support Specialists",
        "Computer Systems Analyst",
        "Computer Systems Analysts",
        "Concierges",
        "Conductor, Other Railroad",
        "Conductor, Passenger Railroad",
        "Conductor, Symphonic",
        "Conservationist, Natural Resources",
        "Conservationist, Schools",
        "Construction and Building Inspectors, Construction - Heavy",
        "Construction and Building Inspectors, Construction - Home & Interior",
        "Construction Crew Boss, Construction - Heavy",
        "Construction Crew Boss, Construction - Home & Interior",
        "Construction Equipment Operator, Construction - Heavy",
        "Construction Equipment Operator, Construction - Home & Interior",
        "Construction Laborer, Construction - Heavy",
        "Construction Laborer, Construction - Home & Interior",
        "Construction Manager, Construction - Heavy",
        "Construction Manager, Construction - Home & Interior",
        "Construction Truck Driver",
        "Construction/Framer, Construction - Heavy",
        "Construction/Framer, Construction - Home & Interior",
        "Consultant, Financial",
        "Consultant, Information/Communications",
        "Consultant, White Collar Industries",
        "Content Developers",
        "Contractor, Construction - Heavy",
        "Contractor, Construction - Home & Interior",
        "Contractor/Roofer, Construction - Heavy",
        "Contractor/Roofer, Construction - Home & Interior",
        "Convenience Stores",
        "Conveyor Operators and Tenders, Manufacturing - Light",
        "Conveyor Operators and Tenders, Materials Processing",
        "Cook",
        "Cooks, Fast Food",
        "Cooks, Institution and Cafeteria",
        "Cooling and Freezing Equipment Operators and Tenders",
        "Cooling Equipment Repairman",
        "Coroner",
        "Correctional Officer and Jailers, at Facility",
        "Correctional Officer and Jailers, not at Facility",
        "Correspondence Clerks",
        "Cosmetologist",
        "Councilman",
        "Counselor, Civic Offices",
        "Counselor, Personal Services",
        "Counselor, Schools",
        "Counter and Rental Clerks",
        "Counter Attendants, Cafeteria, Food Concession, and Coffee Shop",
        "Couriers and Messengers",
        "Court Reporters",
        "Court, Municipal, and License Clerks, Civic Offices",
        "Court, Municipal, and License Clerks, Schools",
        "Crane and Tower Operators, Construction - Heavy",
        "Crane and Tower Operators, Construction - Home & Interior",
        "Credit Clerk",
        "Credit Examiner",
        "Credit Reporter",
        "Crop Duster",
        "Crossing Guards",
        "Crushing, Grinding, and Polishing Machine Setters, Operators, and Tenders",
        "Curator",
        "Custodian",
        "Customer Relationship Manager",
        "Customer Service Manager",
        "Customer Service Representative",
        "Customer Success Manager",
        "Customs Official, Field",
        "Customs Official, Office Only",
        "Cutters and Trimmers",
        "Cutting and Slicing Machine Setters, Operators, and Tenders, Manufacturing - Light",
        "Cutting and Slicing Machine Setters, Operators, and Tenders, Materials Processing",
        "Cutting, Punching, and Press Machine Setters, Operators, and Tenders, Metal and Plastic, Manufacturing - Light",
        "Cutting, Punching, and Press Machine Setters, Operators, and Tenders, Metal and Plastic, Materials Processing",
        "Dairy Farmer",
        "Dance Studios",
        "Data Analyst",
        "Data Entry Keyers",
        "Data Scientist",
        "Database Administrator",
        "Database Developer",
        "Day Care Facility Teacher",
        "Day Care Facility Worker",
        "Day Care Provider, Home (cares for four or more unrelated children)",
        "Deckhand",
        "Decorator, Factory",
        "Deli Clerk",
        "Delivery Person (local)",
        "Demonstrators and Product Promoters",
        "Dental Assistant",
        "Dental Hygienist",
        "Dental Laboratory Technicians",
        "Dentist",
        "Department Store Manager",
        "Deputy, Non-office",
        "Deputy, Office & Court",
        "Derrick Operators, Oil and Gas",
        "Designer",
        "Designer, Window",
        "Desk Worker",
        "Detectives and Criminal",
        "DevOps Engineer",
        "Diagnostic Medical Sonographers, Hospital/Nursing Homes",
        "Diagnostic Medical Sonographers, Medical Offices",
        "Diamond Cutter, Materials Processing",
        "Diamond Cutter, Repair Services - light items",
        "Dietary Aide",
        "Dietetic Technicians",
        "Dietitian and Nutritionist",
        "Digger, Construction - Heavy",
        "Digger, Construction - Home & Interior",
        "Digger, Natural Resources",
        "Digger, Utilities",
        "Digital Artist",
        "Digital Marketing Manager",
        "Diplomat",
        "Dipper",
        "Director, Alumni",
        "Director, Theater/Television/Motion Picture",
        "Directors, Religious Activities and Education",
        "Disc Jockey, Other",
        "Disc Jockey, Radio",
        "Dishwashers",
        "Dispatchers (Except Police, Fire, and Ambulance)",
        "Dispatchers (Police, Fire, and Ambulance)",
        "Distiller",
        "Distributor",
        "District Attorney",
        "District Manager",
        "Diver, Construction - Heavy",
        "Diver, Leisure",
        "Diver, Natural Resources",
        "Dock Worker",
        "Dock Worker, Construction Of",
        "Dog Catcher",
        "Dog Groomer",
        "Dog Walker",
        "Door-To-Door Sales Workers, News and Street Vendors, and Related Workers",
        "Draftsperson",
        "Dredge Operators, Construction - Heavy",
        "Dredge Operators, Natural Resources",
        "Drill Press Operator, Manufacturing - Light",
        "Drill Press Operator, Materials Processing",
        "Driver (long haul)",
        "Driving Instructor",
        "Dry Cleaning Presser",
        "Drywall and Ceiling Tile Installers",
        "Drywall/Taper",
        "Earth Drillers, Except Oil and Gas (above ground only)",
        "eCommerce Merchant",
        "eCommerce Seller",
        "Economist",
        "Editor",
        "Egg Candler/Grader",
        "Electric Motor Repairman",
        "Electric Motor, Power Tool, and Related Repairers",
        "Electrical & Electronics Drafters (Field)",
        "Electrical and Electronic Engineering Technicians",
        "Electrical and Electronic Equipment Assemblers",
        "Electrical and Electronics Drafters, Office",
        "Electrical and Electronics Installers and Repairers, Transportation Equipment",
        "Electrical and Electronics Repairers, Commercial and Industrial",
        "Electrical and Electronics Repairers, Powerhouse, Substation, and Relay, Construction - Home & Interior",
        "Electrical and Electronics Repairers, Powerhouse, Substation, and Relay, Utilities",
        "Electrical Contractor, Construction - Heavy",
        "Electrical Contractor, Construction - Home & Interior",
        "Electrical Engineer, Field, Construction - Heavy",
        "Electrical Engineer, Field, Construction - Home & Interior",
        "Electrical Engineer, Office",
        "Electrical Power-Line Installers and Repairers",
        "Electrician, Construction - Heavy",
        "Electrician, Construction - Home & Interior",
        "Electromechanical Equipment Assemblers",
        "Electro-Mechanical Technicians, Equipment Repair",
        "Electro-Mechanical Technicians, Manufacturing - Light",
        "Electronic Equipment Installers and Repairers, Motor Vehicles",
        "Electronic Home Entertainment Equipment Installers and Repairers",
        "Electronics Engineers, Except Computer",
        "Electronics Installer",
        "Electronics Repairs",
        "Electronics Sales",
        "Electroplater",
        "Electrotyper",
        "Elevator Installers and Repairers, Construction - Heavy",
        "Elevator Installers and Repairers, Construction - Home & Interior",
        "Elevator Installers and Repairers, Equipment Repair",
        "Embalmer",
        "Emergency Medical Technicians and Paramedics",
        "Employment, Recruitment, and Placement Specialists",
        "Engine and Other Machine",
        "Engine Maintenance",
        "Engine Repair",
        "Engineer (Dock & Harbor)",
        "Engineer, Construction - Heavy",
        "Engineer, Locomotive",
        "Engineer, White Collar Industries",
        "Engineering Managers, Construction - Heavy",
        "Engineering Managers, White Collar Industries",
        "Engraver, Monument",
        "Engraver, Other",
        "Entertainer/Performer",
        "Entrepreneur - field setting",
        "Entrepreneur - office setting",
        "Environmental Engineering Techs",
        "Environmental Engineers",
        "Environmental Health & Safety Worker",
        "Environmental Science and Protection Techs, Including Health",
        "Epidemiologists, Hospital/Nursing Homes",
        "Epidemiologists, Medical Offices",
        "Equipment Operator, Construction - Heavy",
        "Equipment Operator, Construction - Home & Interior",
        "Equipment Operator, Materials Processing",
        "Equipment Repair",
        "Estimator, Construction - Heavy",
        "Estimator, Construction - Home & Interior",
        "Examiner, Medical, Hospital/Nursing Homes",
        "Examiner, Medical, Medical Offices",
        "Examiner, Other, Hospital/Nursing Homes",
        "Examiner, Other, Medical Offices",
        "Excavating and Loading Machine and Dragline Operators",
        "Excavator, Construction - Heavy",
        "Excavator, Construction - Home & Interior",
        "Excavator, Natural Resources",
        "Excavator, Utilities",
        "Executive Assistant",
        "Executive Chef",
        "Executive Secretaries and Administrative Assistants",
        "Expediter",
        "Explosives Handler",
        "Explosives Laborer",
        "Explosives Workers, Ordnance Handling Experts, and Blasters",
        "Exterminator",
        "Fabric and Apparel Patternmakers",
        "Fabricator",
        "Factory Worker",
        "Fallers (one who cuts down trees regardless of machine used)",
        "Family and General Practitioners",
        "Farm Equipment Mechanics",
        "Farm Hand",
        "Farm Labor Contractors",
        "Farmer",
        "Farmworkers and Laborers, Crop, Nursery, and Greenhouse",
        "Fashion Designers",
        "Fed/State/Municipal Employee, Civic Offices",
        "Fed/State/Municipal Employee, Equipment Repair",
        "Fed/State/Municipal Employee, Natural Resources",
        "Fence Builder",
        "Ferrier, Non Horse Racing",
        "Fiberglass Laminators and",
        "File Clerks",
        "Film and Video Editors",
        "Film Maker",
        "Film Processor",
        "Financial Analyst",
        "Financial Examiners",
        "Financial Managers",
        "Financial Planner",
        "Fine Artists, Including, Sculptors and Illustrators",
        "Fingerprint Specialist",
        "Finisher",
        "Fire Chief",
        "Fire Fighter, Forestry",
        "Fire Fighters",
        "Fire Inspectors and Investigators",
        "Firefighter",
        "Fireman, Stationary",
        "Fish and Game Wardens",
        "Fisherman, Off-Shore",
        "Fisherman, On-shore",
        "Fishing Guides",
        "Fitness Instructor",
        "Fitness Trainer and Aerobic",
        "Flea Market Owner",
        "Fleamarket Worker",
        "Flight Attendant",
        "Flight Crew",
        "Flight Engineer",
        "Floor Layers",
        "Floor Sanders and Finishers",
        "Floorhand (working on oil rig at sea)",
        "Flooring Installer",
        "Floral Designers",
        "Florist",
        "Flower Shop Manager",
        "Food Batchmakers",
        "Food Cooking Machine Operators and Tenders",
        "Food Preparation Workers",
        "Food Preparer",
        "Food Processing Worker",
        "Food Service Managers",
        "Food Service Worker",
        "Foreman, Construction - Heavy",
        "Foreman, Construction - Home & Interior",
        "Foreman, Manufacturing - Light",
        "Foreman, Materials Processing",
        "Foreman, Natural Resources",
        "Forensic Science Technicians",
        "Forest and Conservation Technicians",
        "Forest and Conservation Workers",
        "Forest Fire Inspectors and Prevention Specialists",
        "Forest Ranger",
        "Forester",
        "Forging Machine Setters, Operators, and Tenders, Metal and Plastic",
        "Forklift Operator",
        "Foundry Mold and Coremakers",
        "Frame Inspector, Construction - Heavy",
        "Frame Inspector, Construction - Home & Interior",
        "Frame/Body Work",
        "Freight Handler",
        "Fruit/Vegetable Stands",
        "Funeral Attendants",
        "Funeral Director",
        "Funeral Home Worker",
        "Furnace, Kiln, Oven, Drier, & Kettle Operators and Tenders",
        "Furniture - Used",
        "Furniture Assembler",
        "Furniture Finishers",
        "Furrier",
        "Gambler",
        "Gambling Industry Worker",
        "Game Designer",
        "Game Play Tester",
        "Game Programmer",
        "Game Warden",
        "Games Animator/Animator",
        "Games Artist",
        "Gaming & Sports Book Writers & Runners",
        "Gaming Cage Workers",
        "Gaming Change Persons & Booth Cashiers",
        "Gaming Dealers",
        "Gaming Managers",
        "Gaming Supervisors",
        "Gaming Surveillance Officers and Gaming Investigators",
        "Garage Door Installer",
        "Garage Manager",
        "Garbage Collector",
        "Garden Designer",
        "Gardener",
        "Gas Compressor and Gas Pumping Station Operators",
        "Gas Field Workers",
        "Gas Plant Operators",
        "Gauger",
        "Geographers, Schools",
        "Geographers, White Collar Industries",
        "Geological and Petroleum",
        "Glass Engraver/Etcher/Bender",
        "Glaziers",
        "Golf Course Maintenance",
        "Grader",
        "Graders and Sorters, Agricultural Products",
        "Graphic Designers",
        "Greenskeeper, Supervision Only",
        "Grinding and Polishing Workers",
        "Groundskeeper",
        "Growth Manager - field setting",
        "Growth Manager - office setting",
        "Guard",
        "Guide, Other",
        "Guide, Sightseeing/Tour",
        "Gunsmith",
        "Hair Stylist",
        "Hairdressers",
        "Hand, Farm & Ranch",
        "Handyman",
        "Hang Glider",
        "Harbor Master",
        "Hazardous Material Worker",
        "Hazardous Materials Removal",
        "Headhunter/Search Firm Consultant",
        "Health and Safety Engineers, Except Mining Safety Engineers and Crew",
        "Heat Annealer",
        "Heat Treating Equipment Setters, Operators, and Tenders, Metal and Plastic",
        "Heating & Cooling Repair",
        "Heating & Plumbing Technician",
        "Heating, Air Conditioning, and Refrigeration Mechanics & Installers",
        "Heavy Equipment Operator, Construction - Heavy",
        "Heavy Equipment Operator, Construction - Home & Interior",
        "Heavy Equipment Operator, Manufacturing - Light",
        "Heavy Equipment Operator, Materials Processing",
        "Heavy Equipment Operator, Natural Resources",
        "Help-Desk Co-Coordinator",
        "Helpers—Brick masons, Block masons, Stone masons, and Tile and Marble Setters, Construction - Heavy",
        "Helpers—Brick masons, Block masons, Stone masons, and Tile and Marble Setters, Construction - Home & Interior",
        "Helpers—Carpenters",
        "Helpers—Electricians",
        "Helpers—Extraction Workers",
        "Helpers—Installation, Maintenance, and Repair Workers",
        "Helpers—Painters, Paperhangers, Plasterers, and Stucco Masons",
        "Helpers—Pipelayers, Plumbers, Pipefitters, and Steamfitters, Construction - Heavy",
        "Helpers—Pipelayers, Plumbers, Pipefitters, and Steamfitters, Construction - Home & Interior",
        "Helpers—Pipelayers, Plumbers, Pipefitters, and Steamfitters, Utilities",
        "Helpers—Production Workers, Manufacturing - Light",
        "Helpers—Production Workers, Materials Processing",
        "Helpers—Roofers",
        "Herdsman",
        "Highway Maintenance Workers",
        "Historians, Civic Offices",
        "Historians, Schools",
        "Historians, White Collar Industries",
        "Hoist and Winch Operators, Manufacturing - Light",
        "Hoist and Winch Operators, Materials Processing",
        "Hoist and Winch Operators, Natural Resources",
        "Hoist and Winch Operators, Transportation",
        "Home Appliance Repairers",
        "Home Health Aides",
        "Home Inspection Service",
        "Horse Racing, All",
        "Horse Trainer",
        "Hosts and Hostesses, Restaurant, Lounge, and Coffee Shop",
        "Hotel, Motel, and Resort Desk Clerks",
        "Housekeeping Services",
        "Human Resources Consultant",
        "Human Resources Manager",
        "Human Resources Representative",
        "Hunters",
        "HVAC Worker",
        "Hydrologist, Office",
        "Hydrologists, Field",
        "Immigration Official",
        "Income Tax Preparer",
        "Industrial Engineering Technicians, Manufacturing - Light",
        "Industrial Engineering Technicians, Materials Processing",
        "Industrial Engineering Technicians, Natural Resources",
        "Industrial Engineers, Manufacturing - Light",
        "Industrial Engineers, Materials Processing",
        "Industrial Engineers, Natural Resources",
        "Industrial Machinery Mechanics",
        "Industrial Production Mgrs, Office, Manufacturing - Light",
        "Industrial Production Mgrs, Office, Materials Processing",
        "Industrial Truck and Tractor",
        "Influencer - field setting",
        "Influencer - office setting",
        "Information Security Analyst",
        "Information Services Manager",
        "Information Services Representative",
        "Information Technician",
        "Innkeeper/Resident Host",
        "Inspector",
        "Inspector, Building",
        "Inspector, Crop, Food Processing, Etc.",
        "Installer, Other",
        "Installer, Satellite Dish",
        "Insulation Worker",
        "Insurance Agent/Salesperson",
        "Insurance Appraisers, Auto Damage",
        "Insurance Claims and Policy Processing Clerks",
        "Insurance Manager",
        "Insurance Underwriters, Office",
        "Interior Decorator/Designer",
        "Internists, General, Hospital/Nursing Homes",
        "Internists, General, Medical Offices",
        "Interpreters and Translators, Information/Communications",
        "Interpreters and Translators, Personal Services",
        "Interpreters and Translators, Schools",
        "Interviewers, Except Eligibility and",
        "Investigator",
        "Investor",
        "Iron Worker, Other",
        "Iron Worker, Structural",
        "IT Consultant",
        "IT Manager",
        "Janitors and Cleaners, Except Maids and Housekeeping Cleaners",
        "Java Developer",
        "Jeweler, Repair Services - light items",
        "Jeweler, Retail & Rental Stores",
        "Jeweler, Wholesale",
        "Jewelry Maker",
        "Jockey",
        "Judges, Magistrate Judges, and Magistrates",
        "Junk Dealer",
        "Kennel",
        "Kennel Attendant",
        "Laborer, Above Ground, Construction - Heavy",
        "Laborer, Above Ground, Construction - Home & Interior",
        "Laborer, Above Ground, Natural Resources",
        "Laborer, Below Ground, Construction - Heavy",
        "Laborer, Below Ground, Construction - Home & Interior",
        "Laborer, Below Ground, Natural Resources",
        "Laborer, Construction - Heavy",
        "Laborer, Construction - Home & Interior",
        "Laborer, Natural Resources",
        "Laborers and Freight, Stock, and Material Movers",
        "Landlord",
        "Landscape Designer",
        "Landscaper",
        "Landscaping and Groundskeeping Workers",
        "Language Instructor",
        "Lathe and Turning Machine Tool Setters, Operators, and Tenders, Metal and Plastic",
        "Lathe Operator, Wood",
        "Laundry and Dry-Cleaning Workers, Non-Drivers",
        "Law Clerks",
        "Law Enforcement Worker",
        "Lawyer",
        "Lawyer’s Assistant",
        "Lay-Out Workers, Metal and Plastic",
        "Lead Burner",
        "Lecturer, Personal Services",
        "Lecturer, Schools",
        "Librarian, Civic Offices",
        "Librarian, Information/Communications",
        "Librarian, Schools",
        "Library Assistants, Clerical, Civic Offices",
        "Library Assistants, Clerical, Information/Communications",
        "Library Assistants, Clerical, Schools",
        "Lifeguard",
        "Line Supervisor, Manufacturing - Light",
        "Line Supervisor, Materials Processing",
        "Line Worker, Manufacturing - Light",
        "Line Worker, Materials Processing",
        "Line Worker, Utilities",
        "Lithographer",
        "Livestock Farmer",
        "Loader, Transportation",
        "Loader, Warehouse",
        "Loading Dock Worker",
        "Loading Machine Operators, Underground Mining",
        "Loan Interviewers, Clerks and Counselors",
        "Loan Officers",
        "Local LAN Administrator",
        "Locker Room, Coatroom, and Dressing Room Attendants",
        "Lockmaster",
        "Locksmith",
        "Locksmiths and Safe Repairers",
        "Locomotive Engineer",
        "Locomotive Firers",
        "Lodging Managers",
        "Log Graders and Scalers",
        "Logger (cuts down trees regardless of machine used)",
        "Logger (does not cut down trees)",
        "Logging Camps/Contractors",
        "Logging Equipment Operator",
        "Logistics Manager - field setting",
        "Logistics Manager - office setting",
        "Logo Designer",
        "Long Haul Trucking (Over the Road)",
        "Longshoreman",
        "Machine Feeders and Offbearers, Manufacturing - Light",
        "Machine Feeders and Offbearers, Materials Processing",
        "Machine Learning Engineer",
        "Machine Operator, Manufacturing - Light",
        "Machine Operator, Materials Processing",
        "Machine Setter, Manufacturing - Light",
        "Machine Setter, Materials Processing",
        "Machine Tool Operator, Manufacturing - Light",
        "Machine Tool Operator, Materials Processing",
        "Machinist",
        "Maid",
        "Mail Carrier (Independent)",
        "Mail Carrier, Government",
        "Mail Clerks and Mail Machine Operators (Except Postal Service)",
        "Mailer",
        "Maintenance Supervisor",
        "Maintenance Worker",
        "Maintenance Workers, Machinery",
        "Makeup Artists, Theatrical and Performance",
        "Management Advisor",
        "Management Analysts",
        "Manager, Bowling Alley",
        "Manager, Golf Course",
        "Manager, Other",
        "Manager, Site, Construction - Heavy",
        "Manager, Site, Construction - Home & Interior",
        "Manager, Site, Retail & Rental Stores",
        "Managers of Construction Trades and Extraction Workers, Construction - Heavy",
        "Managers of Construction Trades and Extraction Workers, Construction - Home & Interior",
        "Managers of Construction Trades and Extraction Workers, Natural Resources",
        "Managers of Correctional Officers",
        "Managers of Farming and Forestry Workers",
        "Managers of Food Preparation and Serving Workers",
        "Managers of Helpers, Laborers, and Material Movers; Hand, Transportation",
        "Managers of Helpers, Laborers, and Material Movers; Hand, Warehouse",
        "Managers of Housekeeping and Janitorial Workers",
        "Managers of Landscaping, Lawn Service and Groundskeeping",
        "Managers of Mechanics, Installers and Repairers",
        "Managers of Office and Administrative Support Workers",
        "Managers of Personal Service",
        "Managers of Police and Detectives",
        "Managers of Production and Operating Workers, Manufacturing - Light",
        "Managers of Production and Operating Workers, Materials Processing",
        "Manicurists and Pedicurists",
        "Manufactured Building and Mobile Home Installers",
        "Manufacturing",
        "Marine Biologist",
        "Market Research Analysts",
        "Marketing Analyst",
        "Marketing Associate",
        "Marketing Manager",
        "Marketing Strategy",
        "Marriage and Family Therapists",
        "Martial Arts, Instructor",
        "Martial Arts, Performer",
        "Masonry, Construction - Heavy",
        "Masonry, Construction - Home & Interior",
        "Massage Therapist",
        "Masseur",
        "Materials Engineers",
        "Materials Manager",
        "Mathematician, Schools",
        "Mathematician, White Collar Industries",
        "Meat Industry Worker",
        "Meat Processor",
        "Meat Wrapper",
        "Meat, Poultry, and Fish Cutters and Trimmers",
        "Meatpacker",
        "Mechanic",
        "Mechanical Door Repairers",
        "Mechanical Drafters",
        "Mechanical Engineering",
        "Mechanical Engineers",
        "Medical and Clinical Laboratory Technicians",
        "Medical and Health Services, Hospital/Nursing Homes",
        "Medical and Health Services, Medical Offices",
        "Medical and Public Health Social Workers, Hospital/Nursing Homes",
        "Medical and Public Health Social Workers, Medical Offices",
        "Medical Appliance Technicians, Hospital/Nursing Homes",
        "Medical Appliance Technicians, Medical Offices",
        "Medical Assistants, Hospital/Nursing Homes",
        "Medical Assistants, Medical Offices",
        "Medical Billing",
        "Medical Equipment Preparers, Hospital/Nursing Homes",
        "Medical Equipment Preparers, Medical Offices",
        "Medical Equipment Repairers, Hospital/Nursing Homes",
        "Medical Equipment Repairers, Medical Offices",
        "Medical Scientists, Except Epidemiologists, Hospital/Nursing Homes",
        "Medical Scientists, Except Epidemiologists, Medical Offices",
        "Medical Secretary, Hospital/Nursing Homes",
        "Medical Secretary, Medical Offices",
        "Medical Transcriptionists, Hospital/Nursing Homes",
        "Medical Transcriptionists, Medical Offices",
        "Medicinal Marijuana Facility (state licensed)",
        "Meeting and Convention Planners",
        "Mental Health and Substance Abuse Social Workers",
        "Mental Health Counselors",
        "Merchandise Displayers and Window Trimmers",
        "Merchandise Sales - Used",
        "Messenger",
        "Metal Worker",
        "Metalizer",
        "Metallurgist",
        "Metal-Refining Furnace Operators and Tenders",
        "Meter Installer/Repairer",
        "Meter Reader, Utilities",
        "Microbiologists",
        "Midwife",
        "Military Personnel, All Branches",
        "Milk Tester",
        "Milliner",
        "Milling and Planing Machine Setters, Operators, and Tenders, Metal and Plastic, Manufacturing - Light",
        "Milling and Planing Machine Setters, Operators, and Tenders, Metal and Plastic, Materials Processing",
        "Millwright Mechanic",
        "Millwrights",
        "Miner, Above Ground",
        "Miner, Below Ground",
        "Mining and Geological Engineers, Including Mining Safety Engineers, Above ground",
        "Mining: Oil & Gas",
        "Minister/Pastor",
        "Mixing and Blending Machine Setters, Operators, and Tenders",
        "Mobile Application Developer",
        "Mobile Heavy Equipment Mechanics, Except Engines",
        "Mobile Home Park/Trailer Park Manager",
        "Mobile Home Park/Trailer Park Owner",
        "Mobile Home Service/Repair",
        "Model Makers, Metal and Plastic",
        "Model Makers, Wood",
        "Models",
        "Mold Maker",
        "Molders, Shapers, and Casters, Except Metal and Plastic",
        "Molding, Coremaking, and Casting Machine Setters, Operators, and Tenders, Metal and Plastic",
        "Morgue Assistant",
        "Motion Picture Projectionists",
        "Motor Vehicle Tester",
        "Motorboat Mechanics",
        "Motorboat Operators, Natural Resources",
        "Motorboat Operators, Transportation",
        "Motorcycle Mechanics",
        "Motorcycle Policeman",
        "Motorcycle Racer",
        "Mover",
        "Multi-Media Artists and Animators",
        "Museum Technician",
        "Music Directors and Composers, Leisure",
        "Music Directors and Composers, Schools",
        "Music License Specialist",
        "Musical Instrument Maker",
        "Musical Instrument Repairers and Tuners",
        "Musical Instrument Tuner",
        "Musician, Non-symphonic",
        "Musician, Symphonic",
        "Musicians and Singers",
        "Nail Technician",
        "National Guard",
        "Natural Resources",
        "Navigator",
        "Network and Computer Systems Administrators",
        "Network Systems and Data Communications Analysts",
        "Network Technician",
        "News Analysts, Reporters and Correspondents",
        "Newspaper Packer",
        "NFT Art Director",
        "NFT/Smart Contract developer",
        "Non-farm Animal Caretakers",
        "Nuclear Engineers",
        "Nuclear Medicine Technologists, Hospital/Nursing Homes",
        "Nuclear Medicine Technologists, Medical Offices",
        "Nuclear Reactor Operators",
        "Nuclear Technicians",
        "Nurse Practitioner, Hospital/Nursing Homes",
        "Nurse Practitioner, Medical Offices",
        "Nurse, Hospital/Nursing Homes",
        "Nurse, Medical Offices",
        "Nurse’s Aide, Hospital/Nursing Homes",
        "Nurse’s Aide, Medical Offices",
        "Nursing Aides and Attendants, Hospital/Nursing Homes",
        "Nursing Aides and Attendants, Medical Offices",
        "Nursing Home Administrator, Hospital/Nursing Homes",
        "Nursing Home Administrator, Medical Offices",
        "Obstetricians and Gynecologists",
        "Occupational Health and Safety Specialists and Technicians, Manufacturing - Light",
        "Occupational Health and Safety Specialists and Technicians, Materials Processing",
        "Occupational Health and Safety Specialists and Technicians, Natural Resources",
        "Occupational Therapist Aides",
        "Occupational Therapist Assistants",
        "Occupational Therapists",
        "Office Clerk",
        "Office Equipment Repair",
        "Office Manager",
        "Office Supplies/Sales, Manufacturing - Light",
        "Office Supplies/Sales, Retail & Rental Stores",
        "Office Supplies/Sales, Warehouse",
        "Office Supplies/Sales, White Collar Industries",
        "Office Supplies/Sales, Wholesale",
        "Office Worker",
        "Office Worker",
        "Oil Drilling Worker",
        "Oil Field Workers",
        "Operations Director",
        "Operations Research Analysts, Schools",
        "Operations Research Analysts, White Collar Industries",
        "Operator, Machine, All Other, Construction - Heavy",
        "Operator, Machine, All Other, Construction - Home & Interior",
        "Operator, Machine, All Other, Manufacturing - Light",
        "Operator, Machine, All Other, Materials Processing",
        "Operator, Machine, All Other, Natural Resources",
        "Ophthalmic Laboratory Technicians",
        "Ophthalmologist",
        "Optician/Lensgrinder",
        "Opticians, Dispensing",
        "Optometrists",
        "Orderly, Hospital/Nursing Homes",
        "Orderly, Medical Offices",
        "Orthodontist",
        "Orthotists and Prosthetists",
        "Osteopath",
        "Outdoor Power Equipment and Other Small Engine Mechanics",
        "Packaging and Filling Machine Operators and Tenders",
        "Packers and Packagers, Handlers",
        "Painters of Bridges",
        "Painters, Construction Maintenance, Construction - Heavy",
        "Painters, Construction Maintenance, Construction - Home & Interior",
        "Painters, Transportation Equipment",
        "Painting, Coating, and Decorating Workers, Construction - Heavy",
        "Painting, Coating, and Decorating Workers, Construction - Home & Interior",
        "Paper Goods Machine Setters, Operators, and Tenders",
        "Paperhangers, Construction - Heavy",
        "Paperhangers, Construction - Home & Interior",
        "Paralegal and Legal Assistants, Civic Offices",
        "Paralegal and Legal Assistants, White Collar Industries",
        "Paramedic",
        "Parcel Delivery Service, Private",
        "Parking Lot/Garage Attendant",
        "Parts Counter Clerk",
        "Parts Manager",
        "Parts Salespersons",
        "Party Chief, Geophysical Survey",
        "Paster",
        "Patternmakers, Metal and Plastic",
        "Patternmakers, Wood",
        "Paving, Surfacing, and Tamping Equipment Operators",
        "Pawnbroker",
        "Payroll Administrator",
        "Payroll Clerk",
        "PC Systems Specialist",
        "Peddler",
        "Pediatricians, General, Hospital/Nursing Homes",
        "Pediatricians, General, Medical Offices",
        "Performer, Actor",
        "Performer, Athletic",
        "Personal and Home Care Aides",
        "Personal Financial Advisors",
        "Personal Grocery Shopper",
        "Personal Shopper",
        "Personal Trainer",
        "Pest Control",
        "Pesticide Handlers, Sprayers, and Applicators, Vegetation-On Ground Only",
        "Pet Adoption Worker",
        "Pet Groomer",
        "Pet Trainer",
        "Petroleum Engineers",
        "Petroleum Pump System Operators, Refinery Operators, and Gaugers",
        "Pharmacist",
        "Pharmacy Aides",
        "Pharmacy Technician",
        "Phone Operators",
        "Photographer, No Aerial or Stunt",
        "Photographic Process Workers",
        "Photographic Processing Machine Operators",
        "PHP Developer",
        "Physical Therapist",
        "Physical Therapist Aides/Assistants",
        "Physician, Hospital/Nursing Homes",
        "Physician, Medical Offices",
        "Physician’s Assistant, Hospital/Nursing Homes",
        "Physician’s Assistant, Medical Offices",
        "Physicists",
        "Piano Tuner",
        "Pickler",
        "Picture Framer",
        "Pile-Driver Operators, Construction - Heavy",
        "Pile-Driver Operators, Natural Resources",
        "Pipe Organ Repairer",
        "Pipefitter, Construction - Heavy",
        "Pipefitter, Construction - Home & Interior",
        "Pipelayers, Construction - Heavy",
        "Pipelayers, Construction - Home & Interior",
        "Planer",
        "Plant Nursery Manager",
        "Plant Nursery Worker",
        "Plasterers and Stucco Masons",
        "Plastic Worker",
        "Plumbers, Pipefitters, and, Construction - Heavy",
        "Plumbers, Pipefitters, and, Construction - Home & Interior",
        "Plywood Manufacturing",
        "Podiatrist, Medical Offices",
        "Podiatrist, Schools",
        "Police and Sheriff’s Patrol Officers",
        "Police Officer, Non-office",
        "Police Officer, Office & Court",
        "Police, Fire, and Ambulance Dispatchers",
        "Policeman, Motorcycle",
        "Polisher",
        "Political Scientist, Civic Offices",
        "Political Scientist, Schools",
        "Political Scientist, White Collar Industries",
        "Pool Hall Manager",
        "Porter, Bell Hop, Doorman",
        "Postal Service Clerks",
        "Postal Service Mail Carriers",
        "Postal Service Mail Sorters and Processing Machine Operators",
        "Postmasters and Mail Machine Operators",
        "Pourers and Casters, Metal",
        "Power Distributors and Dispatchers",
        "Power Plant Operators",
        "Power Tool Repairman",
        "Pre-cast Concrete Worker, Construction - Heavy",
        "Pre-cast Concrete Worker, Construction - Home & Interior",
        "Press Operator",
        "Presser",
        "Pressers, Textile, Garment, and Related Materials",
        "Principal",
        "Printing Machine Operators",
        "Printing Press Operator",
        "Prison Guard",
        "Private Detective/Investigator",
        "Probation Officer",
        "Probation Officers and Correctional Treatment Specialists",
        "Procurement Clerks",
        "Producer, Theater/Television/Motion Picture",
        "Producers and Directors",
        "Product Manager",
        "Production Controller, Manufacturing - Light",
        "Production Controller, Materials Processing",
        "Production Planner, Manufacturing - Light",
        "Production Planner, Materials Processing",
        "Production Worker, Manufacturing - Light",
        "Production Worker, Materials Processing",
        "Production, Planning, and Expediting Clerks, Manufacturing - Light",
        "Production, Planning, and Expediting Clerks, Materials Processing",
        "Professional Athlete",
        "Professional Gamer",
        "Professor",
        "Programmer",
        "Project/Program Manager - field setting",
        "Project/Program Manager - office setting",
        "Projectionist",
        "Proofreader",
        "Property, Real Estate, and Community Association Manager",
        "Psychiatric Aides",
        "Psychiatrist",
        "Psychologist",
        "Public Relations Manager",
        "Public Relations Specialists",
        "Publicity Writer",
        "Pump Attendant",
        "Pump Operators, Except Wellhead Pumpers",
        "Pump Station Installation",
        "Purchasing Agents & Buyers, Wholesale, Retail and Farm Products",
        "Purchasing Agents, Other",
        "Purchasing Managers",
        "Purser",
        "Quality Control Inspector, Manufacturing - Light",
        "Quality Control Inspector, Materials Processing",
        "Quality Control Inspector, Natural Resources",
        "Quarry Worker, Explosives",
        "Quarry Worker, Non-Explosive",
        "Racing Mechanic",
        "Radiation Therapists, Hospital/Nursing Homes",
        "Radiation Therapists, Medical Offices",
        "Radio Operator",
        "Radiologic Technologists and Technicians, Hospital/Nursing Homes",
        "Radiologic Technologists and Technicians, Medical Offices",
        "Radiologist, Hospital/Nursing Homes",
        "Radiologist, Medical Offices",
        "Radium Ore Chemist",
        "Raft Crew",
        "Rail Car Repairers",
        "Rail Yard Engineers, Donkey Operators, and Hostlers",
        "Railroad Brake, Signal, and Switch Operators",
        "Railroad Conductors and",
        "Railroad Track Worker",
        "Ranch Hand",
        "Rancher",
        "Real Estate Agent/Broker",
        "Real Estate Clerical",
        "Real Estate Salesperson",
        "Receptionist",
        "Recreation Vehicle Repairing",
        "Recreation Worker",
        "Recreational Therapists",
        "Recreational Vehicle Service Techs",
        "Recruiter",
        "Recycling Clerk",
        "Refuse & Recyclable Collectors",
        "Regional Planner",
        "Regional Sales Manager",
        "Registered Nurse, Hospital/Nursing Homes",
        "Registered Nurse, Medical Offices",
        "Rehabilitation Counselors",
        "Reinforcing Iron and Rebar Workers, Construction - Heavy",
        "Reinforcing Iron and Rebar Workers, Construction - Home & Interior",
        "Reliner",
        "Repair worker, household items",
        "Repair worker, non-household items",
        "Repossessor (office duties only)",
        "Repossessor (with outside duties)",
        "Research Analyst / Investment Analyst/ Business Intelligence Analyst/Tax Analyst/Blockchain Analyst/Crypto Analyst",
        "Reservation and Transportation Ticket Agents and Travel Clerks",
        "Respiratory Therapist",
        "Restaurant Host/Hostess",
        "Restaurant Owner",
        "Retail Clerk",
        "Retail Department Manager",
        "Retail Salesperson",
        "Retail Worker",
        "Retired",
        "Revenue Analyst",
        "Rideshare Driver",
        "Rig Worker (not on land)",
        "Rigger (on land)",
        "River Crew",
        "Rock Climber",
        "Rodeo Rider",
        "Roof Bolters, Mining-In-ground",
        "Roofer",
        "Rotary Drill Operators, Oil & Gas",
        "Roughneck",
        "Roustabout",
        "Roustabouts, Oil and Gas",
        "Sailor",
        "Sales Manager",
        "Sales/Cashier",
        "Sales/Clerical",
        "Sales/Delivery",
        "Salesperson",
        "Salon Worker",
        "Sandblaster",
        "Sanitation of Farms",
        "Sawmill/Lumber Operative",
        "Scaler",
        "Scientist, Exposed to Hazardous Material, Schools",
        "Scientist, Exposed to Hazardous Material, White Collar Industries",
        "Scientist, Not Exposed to Hazardous Material, Schools",
        "Scientist, Not Exposed to Hazardous Material, White Collar Industries",
        "Scooter Maintenance",
        "Scout",
        "Screw Machine Operator",
        "Scuba Diver, Construction - Heavy",
        "Scuba Diver, Leisure",
        "Scuba Diver, Natural Resources",
        "Seamstress",
        "Secretaries, Legal and Executive",
        "Secretary",
        "Secretary, Medical",
        "Securities, Commodities, and Financial Services Sales Agents",
        "Security and Fire Alarm Systems Installers",
        "Security Director",
        "Security Guard",
        "Segmental Pavers, Construction - Heavy",
        "Segmental Pavers, Construction - Home & Interior",
        "Semiconductor Processors",
        "SEO Specialist",
        "Septic Tank Installation/Service",
        "Septic Tank Servicers and Sewer Pipe Cleaners",
        "Service Station Attendants, Workers, Owners",
        "Service Technician",
        "Service Unit Operators, Oil, Gas, and Mining",
        "Set and Exhibit Designers",
        "Sewer/Seamstress",
        "Sewing Machine Operators",
        "Shampooers",
        "Sheet Metal Worker",
        "Sheriff",
        "Ship Engineers, Natural Resources",
        "Ship Engineers, Transportation",
        "Shipper, Warehouse",
        "Shipper, Wholesale",
        "Shipping & Receiving, Warehouse",
        "Shipping & Receiving, Wholesale",
        "Shoe &Leather Workers & Repairers",
        "Shoe Machine Operators & Tenders",
        "Shuttle Car Operators",
        "Siding/Window Installation",
        "Sign Painter",
        "Site Manager, Construction - Heavy",
        "Site Manager, Construction - Home & Interior",
        "Skin Care Specialists",
        "Sky Diver/Instructor",
        "Sky Marshall",
        "Slater",
        "Slaughterer",
        "Smoke Jumper",
        "Snow Plower",
        "Snowmobile Racer",
        "Social & Human Service Assistants",
        "Social and Community Service Managers",
        "Social Media",
        "Social Worker, Civic Offices",
        "Social Worker, Schools",
        "Sociologist, Schools",
        "Sociologist, White Collar Industries",
        "Software Designer",
        "Software Developer",
        "Software Engineer",
        "Solder Maker",
        "Sound Engineering Technicians",
        "Speaker",
        "Speech-Language Pathologists",
        "Sports Industry Worker (Athlete, Jockey, Etc.)",
        "Sprayer",
        "Stable Worker, All",
        "Stage Manager",
        "State Employee",
        "State’s Attorney, County",
        "Stationary Engineer, Manufacturing - Light",
        "Stationary Engineer, Materials Processing",
        "Stationary Engineer, Utilities",
        "Stationary Fireman, Manufacturing - Light",
        "Stationary Fireman, Materials Processing",
        "Stationary Fireman, Utilities",
        "Statistical Assistants",
        "Statistician",
        "Steamfitter, Construction - Heavy",
        "Steamfitter, Construction - Home & Interior",
        "Steamfitter, Manufacturing - Light",
        "Steamfitter, Utilities",
        "Steeplejack",
        "Stenographer",
        "Stock Broker",
        "Stock Clerk",
        "Stockyards",
        "Stone Mason, Construction - Heavy",
        "Stone Mason, Construction - Home & Interior",
        "Stone Sculptor",
        "Stonecarver",
        "Stonecutter",
        "Store Manager",
        "Storekeeper",
        "Street Cleaner",
        "Structural Iron & Steel Workers",
        "Structural Metal Inspector",
        "Structural Metal Painter",
        "Structural Metal Worker",
        "Student",
        "Stuntmen",
        "Stylist",
        "Substance Abuse and Behavioral Disorder Counselors",
        "Supervisors of Construction Trades and Extraction Workers, Construction - Heavy",
        "Supervisors of Construction Trades and Extraction Workers, Construction - Home & Interior",
        "Supervisors of Construction Trades and Extraction Workers, Natural Resources",
        "Supervisors of Correctional Officers",
        "Supervisors of Farming & Forestry Workers",
        "Supervisors of Food Preparation & Serving Workers",
        "Supervisors of Helpers, Laborers, and Material Movers, Transportation",
        "Supervisors of Helpers, Laborers, and Material Movers, Warehouse",
        "Supervisors of Housekeeping",
        "Supervisors of Janitorial Workers",
        "Supervisors of Landscaping, Lawn Service, and Groundskeeping",
        "Supervisors of Mechanics, Installers, and Repairers",
        "Supervisors of Office and Administrative Support Workers",
        "Supervisors of Personal Service Workers",
        "Supervisors of Police and Detectives",
        "Supervisors of Production and Operating Workers, Manufacturing - Light",
        "Supervisors of Production and Operating Workers, Materials Processing",
        "Surgeons, Hospital/Nursing Homes",
        "Surgeons, Medical Offices",
        "Surgical Technologists, Hospital/Nursing Homes",
        "Surgical Technologists, Medical Offices",
        "Survey Researchers, Civic Offices",
        "Survey Researchers, White Collar Industries",
        "Surveying and Mapping Technicians, Civic Offices",
        "Surveying and Mapping Technicians, Personal Services",
        "Surveyor, Civic Offices",
        "Surveyor, Personal Services",
        "Switchboard Maintenance",
        "Switchboard Operators, Including Answering Service",
        "Tailors, Dressmakers, and Custom Sewers",
        "Tank Car, Truck, and Ship Loaders (No explosives or hazardous), Transportation",
        "Tank Car, Truck, and Ship Loaders (No explosives or hazardous), Warehouse",
        "Tapers",
        "Tattoo Artist",
        "Tax Examiners, Collectors, and Revenue Agents",
        "Tax Preparers",
        "Taxi Companies",
        "Taxi Driver",
        "Taxidermist",
        "Teacher and Instructor for Sports, Fitness and Physical Education",
        "Teacher Assistants",
        "Teacher, Special Ed, Preschool, Kindergarten, Post-Secondary, Middle, Elementary, College",
        "Teacher’s Aide",
        "Teamster",
        "Tech Sales Engineer",
        "Technical Support",
        "Technical Writers",
        "Telecommunications Equipment Installers and Repairers, Except Line Installers",
        "Telecommunications Line Installers and Repairers-Non climbing",
        "Telecommunications Technician",
        "Telehealth Nurse",
        "Telehealth Provider",
        "Telemarketing Representative",
        "Telephone Operators",
        "Terrazzo Workers and Finishers",
        "Tester, Motor Vehicle",
        "Tester, Other",
        "Tester, Sorter, Sampler, Weigher",
        "Textile Bleaching and Dyeing Machine Operators and Tenders",
        "Textile Cutting Machine Setters, Operators, and Tenders",
        "Textile Knitting and Weaving Machine Setters, Operators, & Tenders",
        "Textile Winding, Twisting, and Drawing Out Machine Setters, Operators, and Tenders",
        "Textile, Apparel, and Furnishings Workers",
        "Therapist",
        "Ticket Agent",
        "Tile and Marble Installers/Setters",
        "Timber Cutter",
        "Timing Device Assemblers, Adjusters, and Calibrators",
        "Tinsmith",
        "Tire Builders",
        "Tire Repairers and Changers",
        "Title Examiners, Abstractors, and Searchers",
        "Tool & Die Maker",
        "Tool Grinders, Filers, & Sharpeners",
        "Tour Guides",
        "Tower Erector",
        "Trader / Day Trader",
        "Traffic Manager",
        "Traffic Technicians",
        "Trainer, Animal",
        "Training and Development",
        "Training Co-Coordinator",
        "Transcriber",
        "Transit and Railroad Police",
        "Transit Authorities",
        "Translator",
        "Transportation, Storage, and Distribution Mgrs, Office Only",
        "Trapper",
        "Travel Agent",
        "Travel Planner",
        "Treasurer",
        "Tree Stump Grinding Service",
        "Tree Surgeon",
        "Tree Trimmer, Maintenance - Building & Grounds",
        "Tree Trimmer, Natural Resources",
        "Truant Officer",
        "Truck Driver (Explosives, Hazardous Materials)",
        "Truck Driver (No Explosives, Hazardous Materials)",
        "Truck Drivers, Heavy and Tractor-Trailer (overnight)",
        "Truck Drivers, Light Or Delivery (local deliveries)",
        "Truck Mechanic",
        "Truck Stops",
        "Trucking Companies - logs, gravel, pulpwood",
        "Tuck Pointer",
        "Tutor",
        "Typesetter",
        "Typist",
        "Umpires, Referees, and Other Sports Officials",
        "Underground Miner/Worker",
        "Underwater Worker",
        "Underwriter",
        "Unemployed",
        "Upholsterer",
        "Upholstery Trimmer",
        "Urban and Regional Planners",
        "Ushers, Lobby Attendants, and Ticket Takers",
        "Utility Worker",
        "Vending Machine Repairman",
        "Veterinarian",
        "Veterinary Assistant",
        "Veterinary Assistant/Laboratory Animal Caretaker",
        "Veterinary Assistants and Laboratory Animal Caretakers",
        "Veterinary Technologists and Technicians",
        "Videographer (Event, Wedding)",
        "Virtual Assistant",
        "Vivisectionist",
        "Vocational Education Teacher",
        "Waiters and Waitresses",
        "Warden",
        "Warehouse, storage, loading or unloading worker",
        "Warranty Administration",
        "Watch Repairer",
        "Watchmaker",
        "Water and Liquid Waste Treatment Plant and System Operators",
        "Water Transportation (Ferries & Barges)",
        "Weather Observer",
        "Weaver",
        "Web Designer (UX/Ui)",
        "Web Developer",
        "Website Tester",
        "Wedding Consultant",
        "Weigher",
        "Weighers (weigh station), Measurers, Checkers, & Samplers",
        "Welders (Cutters, Solderers, and Brazers), Construction - Heavy",
        "Welders (Cutters, Solderers, and Brazers), Manufacturing - Light",
        "Welding, Soldering, and Brazing Machine Setters, Operators, and Tenders",
        "Wholesale and Retail Buyers",
        "Wildlife Rehabilitator",
        "Window Installer",
        "Window Tinting",
        "Window Washer",
        "Wood Worker, including Hardwood, Veneer, etc",
        "Woods Crew",
        "Woodsman",
        "Woodworking Machine Setters, Operators, and Tenders, Except Sawing, Preserving",
        "Word Processor Operator",
        "Work Flow Coordinator",
        "Worm Digger/Picker",
        "Wrecker Service",
        "Writers and Authors",
        "X-Ray Technician, Hospital/Nursing Homes",
        "X-Ray Technician, Medical Offices",
        "Yoga Instructor",
        "Youth Counselor",
        "Zoo Director/Zoologists"
      ],
      "ignore_blank": true,
      "input_message_title": null,
      "input_message": null,
      "error_style": "Stop",
      "error_title": null,
      "error_message": null,
      "default_value": "Accountant"
    },
    "Plan": {
      "validation_allow": "List",
      "validation_type": "static",
      "dependent_inputs": null,
      "min": null,
      "max": null,
      "options": [
        "Low",
        "Middle",
        "High"
      ],
      "ignore_blank": true,
      "input_message_title": null,
      "input_message": null,
      "error_style": "Stop",
      "error_title": null,
      "error_message": null,
      "default_value": "Low"
    },
    "Smoker": {
      "validation_allow": "List",
      "validation_type": "static",
      "dependent_inputs": null,
      "min": null,
      "max": null,
      "options": [
        "Smoker",
        "Non-Smoker"
      ],
      "ignore_blank": true,
      "input_message_title": null,
      "input_message": null,
      "error_style": "Stop",
      "error_title": null,
      "error_message": null,
      "default_value": "Non-Smoker"
    },
    "State": {
      "validation_allow": "List",
      "validation_type": "static",
      "dependent_inputs": null,
      "min": null,
      "max": null,
      "options": [
        "Alabama",
        "Alaska",
        "Arizona",
        "Arkansas",
        "California",
        "Colorado",
        "Connecticut",
        "Delaware",
        "District of Columbia",
        "Florida",
        "Georgia",
        "Hawaii",
        "Idaho",
        "Illinois",
        "Indiana",
        "Iowa",
        "Kansas",
        "Kentucky",
        "Louisiana",
        "Maine",
        "Maryland",
        "Massachusetts",
        "Michigan",
        "Minnesota",
        "Mississippi",
        "Missouri",
        "Montana",
        "Nebraska",
        "Nevada",
        "New Hampshire",
        "New Jersey",
        "New Mexico",
        "New York",
        "North Carolina",
        "North Dakota",
        "Ohio",
        "Oklahoma",
        "Oregon",
        "Pennsylvania",
        "Rhode Island",
        "South Carolina",
        "South Dakota",
        "Tennessee",
        "Texas",
        "Utah",
        "Vermont",
        "Virginia",
        "Washington",
        "West Virginia",
        "Wisconsin",
        "Wyoming"
      ],
      "ignore_blank": true,
      "input_message_title": null,
      "input_message": null,
      "error_style": "Stop",
      "error_title": null,
      "error_message": null,
      "default_value": "Ohio"
    },
    "WellnessBonus": {
      "validation_allow": "List",
      "validation_type": "static",
      "dependent_inputs": null,
      "min": null,
      "max": null,
      "options": [
        "None",
        "5%/Year for Lifetime",
        "10%/Year for Lifetime",
        "15%/Year for Lifetime",
        "20%/Year for Lifetime"
      ],
      "ignore_blank": true,
      "input_message_title": null,
      "input_message": null,
      "error_style": "Stop",
      "error_title": null,
      "error_message": null,
      "default_value": "None"
    }
  },
  "warnings": null,
  "errors": null,
  "service_chain": null
}